Date(MM/DD/YYYY),Amount,Description,Category,Account,Jived,Check Number,Payee,Memo,User
"01/30/2016",-125.54,,"Utilities:Water and Sewer","R-Checking",0,"6227","Water Management",,
"01/30/2016",-1200,,"Housing:Rent","R-Checking",0,"6226","Landlord",,
"01/26/2016",-279.39,"Insurance Provider","Insurance:Auto","R-Checking","yes",,"Insurance CO of America",,
"12/31/2015",-5.52,"Grocery Store","Food:Groceries","A-CreditCard","yes",,,,
"12/31/2015",-26.9,,"Transportation:Fuel","A-CreditCard","yes",,,,
"12/31/2015",-1224,,"Housing:Rent","R-Checking","yes","6206",,,
"12/30/2015",-13.93,,"Transportation:FORHIRE","B-CreditCard","yes",,,,
"12/30/2015",-117.04,,"Miscellaneous","A-CreditCard","yes",,,,
"12/30/2015",-2500,,"Debt Repayment","R-Checking","yes",,,,
"12/30/2015",-2,,"Transportation:Parking","A-CreditCard","yes",,,,
"12/30/2015",-31.9,,"Transportation:Fuel","A-CreditCard","yes",,,,
"12/30/2015",-84.32,,"Food:Eating Out","A-CreditCard","yes",,,,
"12/30/2015",-25,,"Charity","M-Checking","yes","580",,,
"12/30/2015",-4.99,,"Food:Groceries","A-CreditCard","yes",,,,
"12/30/2015",-205.75,,"Transportation:CAR RENTAL","A-CreditCard","yes",,,,
"12/30/2015",-112,,"Transportation:Parking","A-CreditCard","yes",,,,
"12/30/2015",-265.28,,"Insurance:Auto","R-Checking","yes",,,,
"12/30/2015",2077.24,,"INCOME:Salary","R-Checking","yes",,,,
"12/30/2015",-300,,"Transfers","M-Checking","yes",,,,
"12/29/2015",250,,"Transfers","R-Checking","yes",,,,
"12/29/2015",3160.26,,"INCOME:Salary","R-Checking","yes",,,,
"12/29/2015",-3994,,"Transfers","R-Checking","yes",,,,
"12/29/2015",2500,,"Transfers","A-CreditCard","yes",,,,
"12/29/2015",-23.38,,"Food:Eating Out","A-CreditCard","yes",,,,
"12/29/2015",-21.18,,"Miscellaneous","A-CreditCard","yes",,,,
"12/29/2015",-178.4,,"Food:Eating Out","A-CreditCard","yes",,,,
"12/29/2015",-38,,"Food:Eating Out","A-CreditCard","yes",,,,
"12/28/2015",1500,,"Transfers","M-Checking","yes",,,,
"12/28/2015",-300,,"Transfers","M-Checking","yes",,,,
"12/28/2015",-112.82,,"Food:Eating Out","A-CreditCard","yes",,,,
"12/28/2015",-26.87,,"Food:Eating Out","A-CreditCard","yes",,,,
"12/27/2015",-1,,"Transportation:Parking","A-CreditCard","yes",,,,
"12/27/2015",-10.69,,"Food:Groceries","A-CreditCard","yes",,,,
"12/27/2015",-7.25,,"Miscellaneous","A-CreditCard","yes",,,,
"12/27/2015",-21.38,,"Food:Groceries","A-CreditCard","yes",,,,
"12/27/2015",-29.8,,"Professional Services:Medical","A-CreditCard","yes",,,,
"12/27/2015",-10.5,,"Food:Eating Out","A-CreditCard","yes",,,,
"12/27/2015",-25.49,,"Food:Eating Out","A-CreditCard","yes",,,,
"12/27/2015",-25.02,,"Food:Groceries","A-CreditCard","yes",,,,
"12/26/2015",-200,,"Living Expenses","C-Checking","yes",,,,
"12/26/2015",400,,"Transfers","C-Checking","yes",,,,
"12/26/2015",-200,,"Living Expenses","C-Checking","yes",,,,
"12/26/2015",-400,,"Transfers","R-Checking","yes",,,,
"12/26/2015",6.34,,"INCOME:SIMPLEINTEREST","C-Checking","yes",,,,
"12/25/2015",-7,,"Professional Services:ServerHosting","A-CreditCard","yes",,,,
"12/25/2015",-69.68,,"Miscellaneous","A-CreditCard","yes",,,,
"12/25/2015",-105.88,,"Food:Groceries","A-CreditCard","yes",,,,
"12/25/2015",-47.06,,"Food:Groceries","A-CreditCard","yes",,,,
"12/25/2015",-82.38,,"Food:Eating Out","A-CreditCard","yes",,,,
"12/24/2015",-118.73,,"Utilities:TV and Internet","A-CreditCard","yes",,,,
"12/24/2015",-35.85,,"Professional Services:ServerHosting","A-CreditCard","yes",,,,
"12/24/2015",6.76,,"Transfers","B-CreditCard","yes",,,,
"12/24/2015",-1500,,"Transfers","C-Checking","yes",,,,
"12/24/2015",-96.52,,"Food:Eating Out","A-CreditCard","yes",,,,
"12/24/2015",-35.3,,"Food:Groceries","A-CreditCard","yes",,,,
"12/24/2015",-16.94,,"Shipping:USPS","A-CreditCard","yes",,,,
"12/24/2015",-34.08,,"Shipping:USPS","A-CreditCard","yes",,,,
"12/23/2015",-300,,"Transfers","M-Checking","yes",,,,
"12/23/2015",-2000,,"Debt Repayment","R-Checking","yes",,,,
"12/23/2015",-20.58,,"Transportation:Fuel","A-CreditCard","yes",,,,
"12/23/2015",-11.95,,"Professional Services:DOMAIN REGISTRATION","A-CreditCard","yes",,,,
"12/22/2015",-300,,"Transfers","M-Checking","yes",,,,
"12/22/2015",-115.29,,"Food:Eating Out","A-CreditCard","yes",,,,
"12/22/2015",2000,,"Transfers","A-CreditCard","yes",,,,
"12/22/2015",116,,"Transfers","R-Checking","yes",,,,
"12/22/2015",3994,,"Transfers","R-Checking","yes",,,,
"12/21/2015",0,,"Gifts","R-Checking","yes","6208",,,
"12/21/2015",0,,"Gifts","R-Checking","yes","6207",,,
"12/21/2015",-367.29,,"Charity","R-Checking","yes","6204",,,
"12/21/2015",-91.82,,"Charity","R-Checking","yes","6205",,,
"12/21/2015",-15,,"Transfers","R-Checking","yes",,,,
"12/21/2015",15,,"Transfers","C-Checking","yes",,,,
"12/21/2015",-15,,"Living Expenses","C-Checking","yes",,,,
"12/21/2015",-300,,"Transfers","M-Checking","yes",,,,
"12/21/2015",-3994,,"Transfers","C-Checking","yes",,,,
"12/21/2015",-8.56,,"Food:Eating Out","A-CreditCard","yes",,,,
"12/21/2015",-59.99,,"Professional Services:Massage","A-CreditCard","yes",,,,
"12/21/2015",-40,,"Transportation:Tolls","A-CreditCard","yes",,,,
"12/21/2015",-200,,"Gifts","R-Checking","yes","6209",,,
"12/21/2015",-200,,"Gifts","R-Checking","yes","6210",,,
"12/20/2015",-77.4,,"Transportation:CAR RENTAL","A-CreditCard","yes",,,,
"12/20/2015",-282.38,,"Transportation:HOTEL","A-CreditCard","yes",,,,
"12/20/2015",-296.97,,"Utilities:Telephony","A-CreditCard","yes",,,,
"12/20/2015",-41.48,,"Miscellaneous","A-CreditCard","yes",,,,
"12/20/2015",-10.1,,"Food:Eating Out","A-CreditCard","yes",,,,
"12/20/2015",-42.77,,"Food:Eating Out","A-CreditCard","yes",,,,
"12/20/2015",-76.11,,"Food:Eating Out","A-CreditCard","yes",,,,
"12/20/2015",-163.47,,"Miscellaneous","A-CreditCard","yes",,,,
"12/20/2015",-25.77,,"Food:Eating Out","A-CreditCard","yes",,,,
"12/20/2015",-271.22,,"Miscellaneous","A-CreditCard","yes",,,,
"12/20/2015",-31.51,,"Food:Eating Out","A-CreditCard","yes",,,,
"12/20/2015",-16.32,,"Food:Eating Out","A-CreditCard","yes",,,,
"12/20/2015",-90.41,,"Food:Groceries","A-CreditCard","yes",,,,
"12/20/2015",675.28,,"Debt Repayment","B-CreditCard","yes",,,,
"12/18/2015",-7.19,,"Transportation:Fuel","A-CreditCard","yes",,,,
"12/18/2015",-52.04,,"Miscellaneous","A-CreditCard","yes",,,,
"12/18/2015",-675.28,,"Transfers","R-Checking","yes",,,,
"12/18/2015",-16.39,,"Food:Eating Out","A-CreditCard","yes",,,,
"12/18/2015",-14.23,,"Transportation:Fuel","A-CreditCard","yes",,,,
"12/18/2015",-5.06,,"Food:Eating Out","A-CreditCard","yes",,,,
"12/18/2015",-54,,"Transfers","R-Checking","yes",,,,
"12/18/2015",54,,"Transfers","C-Checking","yes",,,,
"12/18/2015",-54,,"Living Expenses","C-Checking","yes",,,,
"12/17/2015",109.95,,"Miscellaneous","A-CreditCard","yes",,,,
"12/17/2015",-48,,"Miscellaneous","A-CreditCard","yes",,,,
"12/17/2015",-50.75,,"Food:Eating Out","A-CreditCard","yes",,,,
"12/17/2015",-49.99,,"Professional Services:Massage","A-CreditCard","yes",,,,
"12/17/2015",-19,,"Food:Eating Out","B-CreditCard","yes",,,,
"12/17/2015",1966.15,,"INCOME:Salary","R-Checking","yes",,,,
"12/17/2015",2624.75,,"INCOME:Other","R-Checking","yes",,,,
"12/17/2015",-12,,"Fees:Bank non-interest","R-Checking","yes",,,,
"12/17/2015",-417.5,,"Fees:Bank non-interest","R-Checking","yes",,,,
"12/17/2015",60.23,,"INCOME:Other","R-Checking","yes",,,,
"12/17/2015",-17.61,,"Transportation:Fuel","A-CreditCard","yes",,,,
"12/16/2015",-18.38,,"Transportation:Fuel","A-CreditCard","yes",,,,
"12/16/2015",-3.57,,"Living Expenses:Entertainment","A-CreditCard","yes",,,,
"12/16/2015",-9.33,,"Food:Eating Out","B-CreditCard","yes",,,,
"12/16/2015",-10,,"Transportation:FORHIRE","B-CreditCard","yes",,,,
"12/16/2015",-300,,"Transfers","M-Checking","yes",,,,
"12/16/2015",-12.45,,"Food:Eating Out","A-CreditCard","yes",,,,
"12/15/2015",-118.83,,"Utilities:Natural Gas","R-Checking","yes","6203",,,
"12/15/2015",-4.87,,"Food:Eating Out","A-CreditCard","yes",,,,
"12/15/2015",-19.06,,"Transportation:Fuel","A-CreditCard","yes",,,,
"12/14/2015",-46.22,,"Professional Services:Medical","A-CreditCard","yes",,,,
"12/14/2015",-47,,"Miscellaneous","A-CreditCard","yes",,,,
"12/14/2015",-16,,"Food:Eating Out","A-CreditCard","yes",,,,
"12/14/2015",-55.6,,"Food:Eating Out","A-CreditCard","yes",,,,
"12/14/2015",-89.8,,"Food:Groceries","A-CreditCard","yes",,,,
"12/14/2015",-100,,"Transfers","M-Checking","yes",,,,
"12/13/2015",-66.59,,"Utilities:Electricity","R-Checking","yes","6202",,,
"12/13/2015",-42.8,,"Gifts","A-CreditCard","yes",,,,
"12/13/2015",-21.37,,"Transportation:Fuel","A-CreditCard","yes",,,,
"12/13/2015",-6.63,,"Food:Eating Out","A-CreditCard","yes",,,,
"12/13/2015",-34.8,,"Food:Groceries","A-CreditCard","yes",,,,
"12/13/2015",-85.49,,"Food:Eating Out","A-CreditCard","yes",,,,
"12/13/2015",-48.15,,"Gifts","A-CreditCard","yes",,,,
"12/13/2015",-20.85,,"Food:Eating Out","A-CreditCard","yes",,,,
"12/13/2015",-11.31,,"Food:Eating Out","A-CreditCard","yes",,,,
"12/13/2015",-5.38,,"Food:Eating Out","B-CreditCard","yes",,,,
"12/13/2015",-14.96,,"Food:Groceries","A-CreditCard","yes",,,,
"12/13/2015",-182.72,,"Miscellaneous","A-CreditCard","yes",,,,
"12/13/2015",-73,,"Gifts","A-CreditCard","yes",,,,
"12/11/2015",-12,,"Charity","M-Checking","yes","576",,,
"12/11/2015",-9,,"Transportation:Parking","B-CreditCard","yes",,,,
"12/10/2015",0,,,"M-Checking",0,"578",,,
"12/10/2015",-126.72,,"Utilities:TV and Internet","R-Checking","yes","6201",,,
"12/10/2015",-40,,"Charity","M-Checking","yes","577",,,
"12/10/2015",-40,,"Charity","M-Checking","yes","579",,,
"12/10/2015",-140.1,,"Transportation:Airfare","A-CreditCard","yes",,,,
"12/10/2015",-5.6,,"Transportation:Airfare","A-CreditCard","yes",,,,
"12/10/2015",-5.6,,"Transportation:Airfare","A-CreditCard","yes",,,,
"12/10/2015",-5.6,,"Transportation:Airfare","A-CreditCard","yes",,,,
"12/10/2015",-31.72,,"Professional Services:Medical","B-CreditCard","yes",,,,
"12/10/2015",-22.14,,"Food:Eating Out","B-CreditCard","yes",,,,
"12/10/2015",-300,,"Transfers","M-Checking","yes",,,,
"12/10/2015",-7.76,,"Transportation:FORHIRE","A-CreditCard","yes",,,,
"12/09/2015",-2500,,"Debt Repayment","R-Checking","yes",,,,
"12/09/2015",417.5,,"INCOME:Other","R-Checking","yes",,,,
"12/09/2015",135,,"INCOME:Other","R-Checking","yes",,,,
"12/09/2015",-60,,"Miscellaneous","A-CreditCard","yes",,,,
"12/09/2015",-21.56,,"Food:Groceries","A-CreditCard","yes",,,,
"12/08/2015",2500,,"Transfers","A-CreditCard","yes",,,,
"12/08/2015",4000,,"Transfers","R-Checking","yes",,,,
"12/08/2015",20,,"Transfers","C-Checking","yes",,,,
"12/08/2015",-20,,"Living Expenses","C-Checking","yes",,,,
"12/08/2015",367.5,,"Transfers","C-Checking","yes",,,,
"12/08/2015",-367.5,,"Living Expenses","C-Checking","yes",,,,
"12/08/2015",-20,,"Transfers","R-Checking","yes",,,,
"12/08/2015",-367.5,,"Transfers","R-Checking","yes",,,,
"12/08/2015",-25.78,,"Transportation:Fuel","A-CreditCard","yes",,,,
"12/07/2015",-22.49,,"Miscellaneous","A-CreditCard","yes",,,,
"12/07/2015",-50,,"Transfers","R-Checking","yes",,,,
"12/07/2015",-21.48,,"Insurance:Life","R-Checking","yes",,,,
"12/07/2015",-1000,,"Debt Repayment","R-Checking","yes",,,,
"12/07/2015",50,,"Transfers","C-Checking","yes",,,,
"12/07/2015",-50,,"Living Expenses","C-Checking","yes",,,,
"12/07/2015",-300,,"Transfers","M-Checking","yes",,,,
"12/07/2015",-7.44,,"Food:Eating Out","B-CreditCard","yes",,,,
"12/07/2015",-63.68,,"Professional Services:DOMAIN REGISTRATION","A-CreditCard","yes",,,,
"12/07/2015",-34,,"Food:Eating Out","A-CreditCard","yes",,,,
"12/07/2015",-7.99,,"Living Expenses:Entertainment","A-CreditCard","yes",,,,
"12/07/2015",-4000,,"Transfers","C-Checking","yes",,,,
"12/06/2015",-70.15,,"Professional Services:DOMAIN REGISTRATION","A-CreditCard","yes",,,,
"12/06/2015",-7.6,,"Miscellaneous","B-CreditCard","yes",,,,
"12/06/2015",-89,,"Transportation:TOWING","B-CreditCard","yes",,,,
"12/06/2015",-300,,"Transfers","M-Checking","yes",,,,
"12/06/2015",-4.46,,"Food:Groceries","A-CreditCard","yes",,,,
"12/06/2015",-53.45,,"Miscellaneous","B-CreditCard","yes",,,,
"12/05/2015",110,,"Transfers","C-Checking","yes",,,,
"12/05/2015",-110,,"Transfers","R-Checking","yes",,,,
"12/05/2015",-110,,"Living Expenses","C-Checking","yes",,,,
"12/05/2015",-20,,"Transfers","M-Checking","yes",,,,
"12/04/2015",-158,,"Charity","R-Checking","yes","6174",,,
"12/04/2015",-40,,"Charity","R-Checking","yes","6175",,,
"12/04/2015",-48.55,,"Professional Services:Medical","B-CreditCard","yes",,,,
"12/04/2015",1000,,"Transfers","A-CreditCard","yes",,,,
"12/04/2015",-4.8,,"Food:Eating Out","A-CreditCard","yes",,,,
"12/04/2015",-7.6,,"Food:Eating Out","A-CreditCard","yes",,,,
"12/04/2015",-40,,"Transportation:Car Repair","B-CreditCard","yes",,,,
"12/04/2015",-16.81,,"Food:Eating Out","B-CreditCard","yes",,,,
"12/04/2015",-135,,"Living Expenses","C-Checking","yes",,,,
"12/04/2015",135,,"Transfers","C-Checking","yes",,,,
"12/04/2015",-135,,"Transfers","R-Checking","yes",,,,
"12/04/2015",135,,"Transfers","R-Checking","yes",,,,
"12/03/2015",-4.8,,"Food:Eating Out","A-CreditCard","yes",,,,
"12/03/2015",1966.13,,"INCOME:Salary","R-Checking","yes",,,,
"12/03/2015",-9.99,,"Living Expenses:Entertainment","B-CreditCard","yes",,,,
"12/03/2015",-250.13,,"Transportation:CAR RENTAL","A-CreditCard","yes",,,,
"12/03/2015",-8.5,,"Food:Eating Out","A-CreditCard","yes",,,,
"12/02/2015",-150,,"Debt Repayment","R-Checking","yes",,,,
"12/02/2015",-135,,"Transfers","R-Checking","yes",,,,
"12/02/2015",-29.95,,"Professional Services:FITNESS","A-CreditCard","yes",,,,
"12/02/2015",-40,,"Transportation:Tolls","A-CreditCard","yes",,,,
"12/02/2015",135,,"Transfers","C-Checking","yes",,,,
"12/02/2015",-135,,"Living Expenses","C-Checking","yes",,,,
"12/02/2015",-60.67,,"Food:Eating Out","B-CreditCard","yes",,,,
"12/02/2015",-10,,"Transportation:Fuel","A-CreditCard","yes",,,,
"12/02/2015",-30,,"Miscellaneous","M-Checking","yes",,,,
"12/02/2015",-95,,"Transportation:Parking","B-CreditCard","yes",,,,
"12/02/2015",-12,,"Miscellaneous","B-CreditCard","yes",,,,
"12/02/2015",-14.26,,"Food:Eating Out","B-CreditCard","yes",,,,
"12/02/2015",-4.45,,"Food:Eating Out","B-CreditCard","yes",,,,
"12/02/2015",-40,,"Charity","R-Checking","yes","6172",,,
"12/02/2015",-158,,"Charity","R-Checking","yes","6171",,,
"12/02/2015",-925.86,,"Housing","A-CreditCard","yes",,,,
"12/02/2015",-32.09,,"Miscellaneous","A-CreditCard","yes",,,,
"12/02/2015",-17.86,,"Transportation:Fuel","A-CreditCard","yes",,,,
"12/01/2015",-47.03,,"Transportation:FORHIRE","A-CreditCard","yes",,,,
"12/01/2015",-92.57,,"Utilities","A-CreditCard","yes",,,,
"12/01/2015",80,,"Transfers","C-Checking","yes",,,,
"12/01/2015",-80,,"Living Expenses","C-Checking","yes",,,,
"12/01/2015",-100,,"Transfers","M-Checking","yes",,,,
"12/01/2015",-1.71,,"Miscellaneous","B-CreditCard","yes",,,,
"12/01/2015",150,,"Transfers","A-CreditCard","yes",,,,
"12/01/2015",-26,,"Professional Services:Grooming","B-CreditCard","yes",,,,
"12/01/2015",-25,,"Professional Services:Grooming","B-CreditCard","yes",,,,
"12/01/2015",-28.85,,"Miscellaneous","B-CreditCard","yes",,,,
"12/01/2015",-80,,"Transfers","R-Checking","yes",,,,
"12/01/2015",-95.9,,"Food:Eating Out","A-CreditCard","yes",,,,
"11/30/2015",-15.15,,"Food:Eating Out","A-CreditCard","yes",,,,
"11/30/2015",-265.23,,"Insurance:Auto","R-Checking","yes",,,,
"11/30/2015",-1000,,"Debt Repayment","R-Checking","yes",,,,
"11/30/2015",-90.2,,"Food:Groceries","A-CreditCard","yes",,,,
"11/30/2015",-70,,"Living Expenses","C-Checking","yes",,,,
"11/30/2015",70,,"Transfers","C-Checking","yes",,,,
"11/30/2015",-60.08,,"Food:Eating Out","A-CreditCard","yes",,,,
"11/30/2015",-70,,"Transfers","R-Checking","yes",,,,
"11/30/2015",12700,,"Transfers","C-Checking","yes",,,,
"11/30/2015",0.41,,"INCOME:SIMPLEINTEREST","R-Checking","yes",,,,
"11/30/2015",-31.49,,"Food:Groceries","A-CreditCard","yes",,,,
"11/30/2015",-17.34,,"Miscellaneous","A-CreditCard","yes",,,,
"11/30/2015",-45.91,,"Miscellaneous","A-CreditCard","yes",,,,
"11/29/2015",-118.73,,"Utilities:TV and Internet","A-CreditCard","yes",,,,
"11/29/2015",-19.73,,"Transportation:Fuel","A-CreditCard","yes",,,,
"11/29/2015",-18.3,,"Food:Eating Out","A-CreditCard","yes",,,,
"11/29/2015",-17.37,,"Transportation:Fuel","A-CreditCard","yes",,,,
"11/29/2015",-68.09,,"Miscellaneous","A-CreditCard","yes",,,,
"11/29/2015",-42.25,,"Food:Eating Out","A-CreditCard","yes",,,,
"11/29/2015",-188.31,,"Miscellaneous","A-CreditCard","yes",,,,
"11/29/2015",-4.27,,"Living Expenses:Entertainment","A-CreditCard","yes",,,,
"11/29/2015",-1111.95,,"Housing","A-CreditCard","yes",,,,
"11/29/2015",-41.85,,"Food:Eating Out","A-CreditCard","yes",,,,
"11/29/2015",-15.41,,"Food:Eating Out","A-CreditCard","yes",,,,
"11/29/2015",-100,,"Charity","A-CreditCard","yes",,,,
"11/29/2015",-40,,"Transportation:Tolls","A-CreditCard","yes",,,,
"11/27/2015",-300,,"Transfers","R-Checking","yes",,,,
"11/27/2015",-150,,"Living Expenses","C-Checking","yes",,,,
"11/27/2015",-150,,"Living Expenses","C-Checking","yes",,,,
"11/27/2015",-13.88,,"Miscellaneous","A-CreditCard","yes",,,,
"11/27/2015",-16.46,,"Transportation:Fuel","A-CreditCard","yes",,,,
"11/27/2015",-29,,"Food:Eating Out","B-CreditCard","yes",,,,
"11/27/2015",1000,,"Transfers","A-CreditCard","yes",,,,
"11/27/2015",-10,,"Professional Services:Medical","A-CreditCard","yes",,,,
"11/27/2015",300,,"Transfers","C-Checking","yes",,,,
"11/26/2015",-72.79,,"Food:Groceries","A-CreditCard","yes",,,,
"11/26/2015",-55.05,,"Miscellaneous","A-CreditCard","yes",,,,
"11/25/2015",-7,,"Professional Services:ServerHosting","A-CreditCard","yes",,,,
"11/25/2015",-20,,"Transfers","R-Checking","yes",,,,
"11/25/2015",1.72,,"INCOME:SIMPLEINTEREST","C-Checking","yes",,,,
"11/25/2015",20,,"Transfers","C-Checking","yes",,,,
"11/25/2015",-20,,"Living Expenses","C-Checking","yes",,,,
"11/25/2015",-27.55,,"Food:Eating Out","A-CreditCard","yes",,,,
"11/25/2015",-25.36,,"Food:Eating Out","A-CreditCard","yes",,,,
"11/24/2015",-65.49,,"Food:Eating Out","A-CreditCard","yes",,,,
"11/24/2015",-20.66,,"Food:Eating Out","A-CreditCard","yes",,,,
"11/24/2015",-149.79,,"Gifts","A-CreditCard","yes",,,,
"11/24/2015",-40,,"Transportation:Tolls","A-CreditCard","yes",,,,
"11/24/2015",-36.47,,"Living Expenses:Entertainment","A-CreditCard","yes",,,,
"11/23/2015",-15.55,,"Miscellaneous","A-CreditCard","yes",,,,
"11/23/2015",-2500,,"Debt Repayment","R-Checking","yes",,,,
"11/23/2015",1.07,,"Transfers","B-CreditCard","yes",,,,
"11/23/2015",-5.03,,"Food:Eating Out","A-CreditCard","yes",,,,
"11/23/2015",-21.06,,"Miscellaneous","A-CreditCard","yes",,,,
"11/23/2015",-46.11,,"Food:Eating Out","A-CreditCard","yes",,,,
"11/23/2015",-90.58,,"Living Expenses:Entertainment","A-CreditCard","yes",,,,
"11/23/2015",-11.95,,"Professional Services:ServerHosting","A-CreditCard","yes",,,,
"11/22/2015",-35.93,,"Transportation:FORHIRE","A-CreditCard","yes",,,,
"11/22/2015",-296.18,,"Food:Groceries","A-CreditCard","yes",,,,
"11/22/2015",2500,,"Transfers","A-CreditCard","yes",,,,
"11/22/2015",-4.13,,"Food:Eating Out","A-CreditCard","yes",,,,
"11/22/2015",-59.99,,"Professional Services:Massage","A-CreditCard","yes",,,,
"11/22/2015",-4.8,,"Food:Eating Out","A-CreditCard","yes",,,,
"11/20/2015",-20,,"Professional Services:Massage","A-CreditCard","yes",,,,
"11/20/2015",1000,,"Transfers","M-Checking","yes",,,,
"11/19/2015",15,,"Transfers","C-Checking","yes",,,,
"11/19/2015",-9.44,,"Food:Eating Out","A-CreditCard","yes",,,,
"11/19/2015",-15,,"Transfers","R-Checking","yes",,,,
"11/19/2015",-53.51,,"Food:Eating Out","A-CreditCard","yes",,,,
"11/19/2015",-22.59,,"Transportation:Fuel","A-CreditCard","yes",,,,
"11/19/2015",-2.78,,"Food:Eating Out","A-CreditCard","yes",,,,
"11/19/2015",1000,,"Transfers","M-Checking","yes",,,,
"11/19/2015",-15,,"Living Expenses","C-Checking","yes",,,,
"11/19/2015",1966.15,,"INCOME:Salary","R-Checking","yes",,,,
"11/18/2015",-19,,"Transportation:Parking","A-CreditCard","yes",,,,
"11/18/2015",-2300,,"Transfers","R-Checking","yes",,,,
"11/18/2015",-30,,"Living Expenses","C-Checking","yes",,,,
"11/18/2015",30,,"Transfers","C-Checking","yes",,,,
"11/18/2015",-21.39,,"Professional Services:Medical","A-CreditCard","yes",,,,
"11/18/2015",-1000,,"Transfers","C-Checking","yes",,,,
"11/18/2015",-24.8,,"Food:Groceries","A-CreditCard","yes",,,,
"11/18/2015",-30,,"Transfers","R-Checking","yes",,,,
"11/17/2015",-49.99,,"Professional Services:Massage","A-CreditCard","yes",,,,
"11/17/2015",-42.62,,"Food:Eating Out","A-CreditCard","yes",,,,
"11/17/2015",-111.95,,"Miscellaneous","A-CreditCard","yes",,,,
"11/17/2015",-111.95,,"Miscellaneous","A-CreditCard","yes",,,,
"11/16/2015",-300,,"Charity","R-Checking","yes","6166",,,
"11/16/2015",-500,,"Charity","R-Checking","yes","6163",,,
"11/16/2015",-400,,"Charity","R-Checking","yes","6165",,,
"11/16/2015",-500,,"Charity","R-Checking","yes","6164",,,
"11/16/2015",-300,,"Transfers","M-Checking","yes",,,,
"11/16/2015",-30,,"Living Expenses","C-Checking","yes",,,,
"11/16/2015",-3,,"Food:Eating Out","A-CreditCard","yes",,,,
"11/16/2015",40,,"INCOME:FSA REIMBURSEMENT","R-Checking","yes",,,,
"11/16/2015",2000,,"INCOME:InsuranceSettlement","R-Checking","yes",,,,
"11/16/2015",-80,,"Charity","M-Checking","yes","575",,,
"11/16/2015",30,,"Transfers","C-Checking","yes",,,,
"11/16/2015",-80,,"Charity","M-Checking","yes","574",,,
"11/16/2015",-300,,"Charity","R-Checking","yes","6167",,,
"11/16/2015",-1224,,"Housing:Rent","R-Checking","yes","6168",,,
"11/16/2015",-12700,,"Transfers","R-Checking","yes","6170",,,
"11/16/2015",-30,,"Transfers","R-Checking","yes",,,,
"11/15/2015",-29.97,,"Living Expenses:Entertainment","A-CreditCard","yes",,,,
"11/15/2015",-5.07,,"Food:Eating Out","A-CreditCard","yes",,,,
"11/15/2015",107.58,,"Debt Repayment","B-CreditCard","yes",,,,
"11/15/2015",-50.53,,"Food:Eating Out","A-CreditCard","yes",,,,
"11/14/2015",-10,,"Living Expenses","C-Checking","yes",,,,
"11/14/2015",10,,"Transfers","C-Checking","yes",,,,
"11/14/2015",43,,"Transfers","C-Checking","yes",,,,
"11/14/2015",-43,,"Living Expenses","C-Checking","yes",,,,
"11/14/2015",-10,,"Transfers","R-Checking","yes",,,,
"11/14/2015",-43,,"Transfers","R-Checking","yes",,,,
"11/14/2015",-107.58,,"Transfers","R-Checking","yes",,,,
"11/13/2015",-323.28,,"Insurance:Life","R-Checking","yes","6162",,,
"11/12/2015",-6.19,,"Food:Eating Out","A-CreditCard","yes",,,,
"11/12/2015",-100,,"Transfers","R-Checking","yes",,,,
"11/12/2015",-54,,"Transfers","R-Checking","yes",,,,
"11/12/2015",1250,,"Transfers","M-Checking","yes",,,,
"11/12/2015",-23.81,,"Transportation:Fuel","A-CreditCard","yes",,,,
"11/12/2015",-39.2,,"Food:Eating Out","A-CreditCard","yes",,,,
"11/12/2015",70,,"Transfers","C-Checking","yes",,,,
"11/12/2015",-70,,"Living Expenses","C-Checking","yes",,,,
"11/12/2015",54,,"Transfers","C-Checking","yes",,,,
"11/12/2015",-54,,"Living Expenses","C-Checking","yes",,,,
"11/12/2015",-20,,"Living Expenses","C-Checking","yes",,,,
"11/12/2015",100,,"Transfers","C-Checking","yes",,,,
"11/12/2015",-52.91,,"Food:Groceries","C-Checking","yes",,,,
"11/12/2015",-51,,"Food:Groceries","C-Checking","yes",,,,
"11/12/2015",20,,"Transfers","C-Checking","yes",,,,
"11/12/2015",-20,,"Transfers","R-Checking","yes",,,,
"11/12/2015",-70,,"Transfers","R-Checking","yes",,,,
"11/12/2015",-240,,"Transfers","M-Checking","yes",,,,
"11/11/2015",-17.95,,"Miscellaneous","A-CreditCard","yes",,,,
"11/11/2015",-11.59,,"Miscellaneous","A-CreditCard","yes",,,,
"11/11/2015",-18.79,,"Transportation:Fuel","A-CreditCard","yes",,,,
"11/11/2015",-26.34,,"Food:Groceries","A-CreditCard","yes",,,,
"11/10/2015",-250,,"Transportation:Car Repair","R-Checking","yes","6160",,,
"11/10/2015",-100,,"Living Expenses","C-Checking","yes",,,,
"11/10/2015",-1250,,"Transfers","C-Checking","yes",,,,
"11/10/2015",-25.48,,"Food:Groceries","A-CreditCard","yes",,,,
"11/10/2015",100,,"Transfers","C-Checking","yes",,,,
"11/10/2015",-318.74,,"Utilities:Telephony","A-CreditCard","yes",,,,
"11/10/2015",-100,,"Transfers","R-Checking","yes",,,,
"11/10/2015",289.91,,"INCOME:Other","R-Checking","yes",,,,
"11/10/2015",3,,"INCOME:Other","R-Checking","yes",,,,
"11/10/2015",10,,"INCOME:FSA REIMBURSEMENT","R-Checking","yes",,,,
"11/09/2015",-73,,"Living Expenses","C-Checking","yes",,,,
"11/09/2015",75,,"Transfers","C-Checking","yes",,,,
"11/09/2015",-75,,"Transfers","R-Checking","yes",,,,
"11/09/2015",-26.38,,"Utilities:Natural Gas","R-Checking","yes","6157",,,
"11/09/2015",-158,,"Charity","R-Checking","yes","6158",,,
"11/09/2015",-40,,"Charity","R-Checking","yes","6159",,,
"11/09/2015",-3,,"Food:Eating Out","A-CreditCard","yes",,,,
"11/09/2015",-7.87,,"Food:Groceries","A-CreditCard","yes",,,,
"11/09/2015",-68.43,,"Transportation:Maintenance","A-CreditCard","yes",,,,
"11/09/2015",-20,,"Transfers","R-Checking","yes",,,,
"11/09/2015",-37.26,,"Food:Eating Out","A-CreditCard","yes",,,,
"11/09/2015",-7.25,,"Food:Eating Out","A-CreditCard","yes",,,,
"11/09/2015",-51.84,,"Food:Eating Out","A-CreditCard","yes",,,,
"11/09/2015",-84,,"Miscellaneous","A-CreditCard","yes",,,,
"11/09/2015",-8.56,,,"A-CreditCard","yes",,,,
"11/09/2015",-48.23,,"Food:Eating Out","A-CreditCard","yes",,,,
"11/09/2015",20,,"Transfers","C-Checking","yes",,,,
"11/09/2015",-25,,"Living Expenses","C-Checking","yes",,,,
"11/09/2015",-19.68,,"Living Expenses:Entertainment","A-CreditCard","yes",,,,
"11/08/2015",-7.25,,"Food:Eating Out","A-CreditCard","yes",,,,
"11/08/2015",-7.99,,"Living Expenses:Entertainment","A-CreditCard","yes",,,,
"11/08/2015",-40,,"Transportation:Tolls","A-CreditCard","yes",,,,
"11/08/2015",-31.34,,"Miscellaneous","A-CreditCard","yes",,,,
"11/08/2015",-0.99,,"Living Expenses:Entertainment","A-CreditCard","yes",,,,
"11/08/2015",-60.07,,"Miscellaneous","A-CreditCard","yes",,,,
"11/08/2015",-43.83,,"Office Supplies","A-CreditCard","yes",,,,
"11/07/2015",-51.93,,"Debt Repayment","R-Checking","yes",,,,
"11/06/2015",-26.26,,"Transportation:Fuel","A-CreditCard","yes",,,,
"11/06/2015",-65.12,,"Food:Groceries","A-CreditCard","yes",,,,
"11/06/2015",-2500,,"Debt Repayment","R-Checking","yes",,,,
"11/06/2015",-14.97,,"Food:Groceries","A-CreditCard","yes",,,,
"11/05/2015",-50,,"Living Expenses","C-Checking","yes",,,,
"11/05/2015",1966.13,,"INCOME:Salary","R-Checking","yes",,,,
"11/05/2015",-46.58,,"Food:Eating Out","B-CreditCard","yes",,,,
"11/05/2015",-21.48,,"Insurance:Life","R-Checking","yes",,,,
"11/05/2015",-18.79,,"Shipping:USPS","A-CreditCard","yes",,,,
"11/05/2015",2500,,"Transfers","A-CreditCard","yes",,,,
"11/05/2015",50,,"Transfers","C-Checking","yes",,,,
"11/05/2015",-9.28,,"Food:Groceries","B-CreditCard","yes",,,,
"11/05/2015",2250,,"Transfers","R-Checking","yes",,,,
"11/05/2015",-50,,"Transfers","R-Checking","yes",,,,
"11/05/2015",-14.32,,"Professional Services:Medical","B-CreditCard","yes",,,,
"11/04/2015",-22,,"Living Expenses","C-Checking","yes",,,,
"11/04/2015",51.93,,"Transfers","R-Checking","yes",,,,
"11/04/2015",-5,,"Fees:Bank non-interest","R-Checking","yes",,,,
"11/04/2015",60,,"Transfers","C-Checking","yes",,,,
"11/04/2015",-61.81,,"Food:Groceries","C-Checking","yes",,,,
"11/04/2015",-60,,"Transfers","R-Checking","yes",,,,
"11/04/2015",-25,,"Transfers","R-Checking","yes",,,,
"11/04/2015",-2250,,"Transfers","C-Checking","yes",,,,
"11/04/2015",25,,"Transfers","C-Checking","yes",,,,
"11/03/2015",-13.75,,"Transportation:Fuel","A-CreditCard","yes",,,,
"11/03/2015",-4.37,,"Food:Eating Out","A-CreditCard","yes",,,,
"11/03/2015",-10,,"Living Expenses","C-Checking","yes",,,,
"11/03/2015",-6.98,,"Food:Eating Out","A-CreditCard","yes",,,,
"11/02/2015",-9.42,,"Food:Eating Out","A-CreditCard","yes",,,,
"11/02/2015",-29.95,,"Professional Services:FITNESS","A-CreditCard","yes",,,,
"11/01/2015",-7.88,,"Transportation:Fuel","A-CreditCard","yes",,,,
"11/01/2015",-14.75,,"Food:Eating Out","A-CreditCard","yes",,,,
"11/01/2015",-25.38,,"Transportation:Fuel","A-CreditCard","yes",,,,
"11/01/2015",-8.27,,"Food:Eating Out","A-CreditCard","yes",,,,
"10/31/2015",0.1,,"INCOME:SIMPLEINTEREST","R-Checking","yes",,,,
"10/31/2015",-7,,"Fees:Bank non-interest","M-Checking","yes",,,,
"10/30/2015",-3.5,,"Fees:Bank non-interest","C-Checking","yes",,,,
"10/30/2015",-120,,"Transfers","C-Checking","yes",,,,
"10/30/2015",140,,"Transfers","C-Checking","yes",,,,
"10/30/2015",-140,,"Transfers","R-Checking","yes",,,,
"10/30/2015",-28.81,,"Food:Eating Out","A-CreditCard","yes",,,,
"10/30/2015",-6.62,,"Food:Groceries","A-CreditCard","yes",,,,
"10/30/2015",-8.47,,"Food:Groceries","A-CreditCard","yes",,,,
"10/30/2015",-40.99,,"Food:Groceries","A-CreditCard","yes",,,,
"10/30/2015",-29.22,,"Food:Groceries","A-CreditCard","yes",,,,
"10/30/2015",-6.41,,"Food:Groceries","A-CreditCard","yes",,,,
"10/28/2015",-10,,"Transfers","R-Checking","yes",,,,
"10/28/2015",-20,,"Transfers","R-Checking","yes",,,,
"10/28/2015",10,,"Transfers","C-Checking","yes",,,,
"10/28/2015",-20,,"Living Expenses","C-Checking","yes",,,,
"10/28/2015",20,,"Transfers","C-Checking","yes",,,,
"10/28/2015",-20,,"Living Expenses","C-Checking","yes",,,,
"10/28/2015",-3.5,,"Professional Services:Medical","A-CreditCard","yes",,,,
"10/28/2015",-145.52,,"Utilities","A-CreditCard","yes",,,,
"10/28/2015",-922.08,,"Housing","A-CreditCard","yes",,,,
"10/27/2015",18.22,,"Transfers","R-Checking","yes",,,,
"10/27/2015",-1111.95,,"Housing","A-CreditCard","yes",,,,
"10/27/2015",-20,,"Professional Services:Medical","B-CreditCard","yes",,,,
"10/27/2015",-18.22,,"Transfers","A-Saving","yes",,,,
"10/27/2015",-147.41,,"Utilities:TV and Internet","R-Checking","yes","6156",,,
"10/27/2015",-63.98,,"Utilities:Electricity","R-Checking","yes","6155",,,
"10/26/2015",-105.93,,"Miscellaneous","A-CreditCard","yes",,,,
"10/26/2015",-14.98,,"Food:Eating Out","A-CreditCard","yes",,,,
"10/26/2015",-3,,"Food:Eating Out","A-CreditCard","yes",,,,
"10/26/2015",-17.4,,"Transportation:FORHIRE","B-CreditCard","yes",,,,
"10/26/2015",-135,,"Transfers","R-Checking","yes",,,,
"10/26/2015",-65,,"Living Expenses","C-Checking","yes",,,,
"10/26/2015",65,,"Transfers","C-Checking","yes",,,,
"10/26/2015",-19.09,,"Food:Groceries","C-Checking","yes",,,,
"10/26/2015",-135,,"Living Expenses","C-Checking","yes",,,,
"10/26/2015",135,,"Transfers","C-Checking","yes",,,,
"10/26/2015",-3.5,,"Fees:Bank non-interest","C-Checking","yes",,,,
"10/26/2015",-1,,"Fees:Bank non-interest","C-Checking","yes",,,,
"10/26/2015",-200,,"Transfers","C-Checking","yes",,,,
"10/26/2015",-65,,"Transfers","R-Checking","yes",,,,
"10/26/2015",-599.03,,"Insurance:Auto","R-Checking","yes",,,,
"10/26/2015",-2500,,"Debt Repayment","R-Checking","yes",,,,
"10/25/2015",-6.73,,"Food:Eating Out","A-CreditCard","yes",,,,
"10/25/2015",-158,,"Charity","R-Checking","yes","6152",,,
"10/25/2015",-1224,,"Housing:Rent","R-Checking","yes","6153",,,
"10/25/2015",-116.06,,"Utilities:Water and Sewer","R-Checking","yes","6154",,,
"10/25/2015",-7,,"Professional Services:ServerHosting","A-CreditCard","yes",,,,
"10/25/2015",2500,,"Transfers","A-CreditCard","yes",,,,
"10/25/2015",-27.99,,"Transportation:FORHIRE","A-CreditCard","yes",,,,
"10/25/2015",-21.61,,"Food:Eating Out","A-CreditCard","yes",,,,
"10/25/2015",-1.75,,"Transportation:Parking","A-CreditCard","yes",,,,
"10/25/2015",-20,,"Living Expenses:Entertainment","A-CreditCard","yes",,,,
"10/25/2015",6,,"INCOME:SIMPLEINTEREST","C-Checking","yes",,,,
"10/25/2015",-297.96,,"Transportation:Airfare","A-CreditCard","yes",,,,
"10/25/2015",-98.1,,"Transportation:Airfare","A-CreditCard","yes",,,,
"10/25/2015",-40,,"Charity","R-Checking","yes","6151",,,
"10/25/2015",-8.38,,"Food:Groceries","A-CreditCard","yes",,,,
"10/23/2015",576.74,,"INCOME:Salary","R-Checking","yes",,,,
"10/23/2015",-200,,"Transfers","M-Checking","yes",,,,
"10/23/2015",-9.95,,"Professional Services:ServerHosting","A-CreditCard","yes",,,,
"10/23/2015",-22.97,,"Transportation:Fuel","A-CreditCard","yes",,,,
"10/23/2015",-6.73,,"Food:Eating Out","A-CreditCard","yes",,,,
"10/22/2015",1966.15,,"INCOME:Salary","R-Checking","yes",,,,
"10/22/2015",2000,,"Transfers","R-Checking","yes",,,,
"10/22/2015",-58.01,,"Miscellaneous","A-CreditCard","yes",,,,
"10/22/2015",-74.78,,"Food:Groceries","A-CreditCard","yes",,,,
"10/21/2015",-2000,,"Transfers","C-Checking","yes",,,,
"10/21/2015",-59.99,,"Professional Services:Massage","A-CreditCard","yes",,,,
"10/21/2015",-23.95,,"Miscellaneous","A-CreditCard","yes",,,,
"10/21/2015",500,,"Transfers","M-Checking","yes",,,,
"10/21/2015",-240,,"Transfers","M-Checking","yes",,,,
"10/21/2015",-94.95,,"Miscellaneous","A-CreditCard","yes",,,,
"10/21/2015",-8.56,,"Food:Eating Out","A-CreditCard","yes",,,,
"10/21/2015",-44.99,,"Miscellaneous","A-CreditCard","yes",,,,
"10/20/2015",-30,,"Transfers","M-Checking","yes",,,,
"10/20/2015",-500,,"Transfers","C-Checking","yes",,,,
"10/20/2015",50,,"Transfers","R-Checking","yes",,,,
"10/20/2015",-50,,"Living Expenses","C-Checking","yes",,,,
"10/19/2015",-150,,"Transportation:Airfare","A-CreditCard","yes",,,,
"10/19/2015",-170,,"Transportation:Airfare","A-CreditCard","yes",,,,
"10/19/2015",-20,,"Charity","M-Checking","yes","572",,,
"10/19/2015",-30,,"Living Expenses","C-Checking","yes",,,,
"10/19/2015",300,,"Transfers","C-Checking","yes",,,,
"10/19/2015",-300,,"Transfers","R-Checking","yes",,,,
"10/19/2015",-15.42,,"Food:Groceries","A-CreditCard","yes",,,,
"10/19/2015",-108,,"Transportation:Airfare","A-CreditCard","yes",,,,
"10/19/2015",-120,,"Transfers","M-Checking","yes",,,,
"10/19/2015",-20,,"Charity","M-Checking","yes","573",,,
"10/19/2015",-11.89,,"Miscellaneous","M-Checking","yes",,,,
"10/18/2015",-49.99,,"Professional Services:Massage","A-CreditCard","yes",,,,
"10/18/2015",-52.87,,"Food:Eating Out","A-CreditCard","yes",,,,
"10/18/2015",-20,,"Professional Services:Medical","A-CreditCard","yes",,,,
"10/18/2015",-25.65,,"Professional Services:Medical","A-CreditCard","yes",,,,
"10/17/2015",50,,"Transfers","A-Saving","yes",,,,
"10/17/2015",50,,"Transfers","C-Checking","yes",,,,
"10/17/2015",-50,,"Living Expenses","C-Checking","yes",,,,
"10/17/2015",-50,,"Transfers","R-Checking","yes",,,,
"10/17/2015",-50,,"Transfers","A-Saving","yes",,,,
"10/16/2015",-10.07,,"Food:Eating Out","A-CreditCard","yes",,,,
"10/16/2015",-125.88,,"Transportation:CAR RENTAL","A-CreditCard","yes",,,,
"10/16/2015",-13.24,,"Food:Eating Out","A-CreditCard","yes",,,,
"10/16/2015",-64.51,,"Food:Groceries","A-CreditCard","yes",,,,
"10/15/2015",54,,"Transfers","C-Checking","yes",,,,
"10/15/2015",-54,,"Transfers","R-Checking","yes",,,,
"10/15/2015",-18.74,,"Food:Groceries","A-CreditCard","yes",,,,
"10/15/2015",-54,,"Living Expenses","C-Checking","yes",,,,
"10/15/2015",-8.82,,"Miscellaneous","A-CreditCard","yes",,,,
"10/15/2015",-25.43,,"Transportation:Fuel","A-CreditCard","yes",,,,
"10/14/2015",-13,,"Food:Eating Out","A-CreditCard","yes",,,,
"10/14/2015",-18.43,,"Transportation:Fuel","A-CreditCard","yes",,,,
"10/14/2015",-100,,"Transfers","M-Checking","yes",,,,
"10/14/2015",-42.07,,"Food:Eating Out","A-CreditCard","yes",,,,
"10/14/2015",-150,,"Transfers","R-Checking","yes","6200",,,
"10/14/2015",-161.64,,"Insurance:Life","R-Checking","yes","6198",,,
"10/14/2015",150,,"Transfers","M-Checking","yes",,,,
"10/14/2015",-46,,"Transportation:Airfare","A-CreditCard","yes",,,,
"10/14/2015",-46,,"Transportation:Airfare","A-CreditCard","yes",,,,
"10/14/2015",-13,,"Food:Eating Out","A-CreditCard","yes",,,,
"10/14/2015",-28,,"Transportation:Parking","A-CreditCard","yes",,,,
"10/14/2015",-7.21,,"Miscellaneous","A-CreditCard","yes",,,,
"10/14/2015",-40,,"Transportation:Tolls","A-CreditCard","yes",,,,
"10/13/2015",-50,,"Transfers","R-Checking","yes",,,,
"10/13/2015",-7,,"Food:Eating Out","A-CreditCard","yes",,,,
"10/13/2015",15,,"Transfers","A-Saving","yes",,,,
"10/13/2015",50,,"Transfers","C-Checking","yes",,,,
"10/13/2015",-40,,"Living Expenses","C-Checking","yes",,,,
"10/13/2015",15,,"Transfers","C-Checking","yes",,,,
"10/13/2015",-40,,"Living Expenses","C-Checking","yes",,,,
"10/13/2015",40,,"Transfers","C-Checking","yes",,,,
"10/13/2015",-40,,"Living Expenses","C-Checking","yes",,,,
"10/13/2015",-7.46,,"Food:Eating Out","A-CreditCard","yes",,,,
"10/13/2015",-12.5,,"Food:Eating Out","A-CreditCard","yes",,,,
"10/13/2015",-8,,"Food:Eating Out","A-CreditCard","yes",,,,
"10/13/2015",-8.63,,"Food:Eating Out","A-CreditCard","yes",,,,
"10/13/2015",5.33,,"Miscellaneous","A-CreditCard","yes",,,,
"10/13/2015",-35,,"Professional Services:Medical","A-CreditCard","yes",,,,
"10/13/2015",-2500,,"Debt Repayment","R-Checking","yes",,,,
"10/13/2015",85.55,,"INCOME:FSA REIMBURSEMENT","R-Checking","yes",,,,
"10/13/2015",-40,,"Transfers","R-Checking","yes",,,,
"10/13/2015",-15,,"Transfers","R-Checking","yes",,,,
"10/13/2015",-15,,"Transfers","R-Checking","yes",,,,
"10/13/2015",-8.37,,"Food:Eating Out","A-CreditCard","yes",,,,
"10/13/2015",-4.26,,"Miscellaneous","A-CreditCard","yes",,,,
"10/13/2015",-38.48,,"Miscellaneous","A-CreditCard","yes",,,,
"10/13/2015",-19.46,,"Miscellaneous","A-CreditCard","yes",,,,
"10/13/2015",-99,,"Debt Repayment","R-Checking","yes",,,,
"10/12/2015",-8.25,,"Food:Eating Out","A-CreditCard","yes",,,,
"10/12/2015",-100,,"Transfers","M-Checking","yes",,,,
"10/12/2015",-32.37,,"Food:Eating Out","A-CreditCard","yes",,,,
"10/12/2015",-114.98,,"Miscellaneous","A-CreditCard","yes",,,,
"10/12/2015",-33.34,,"Food:Eating Out","A-CreditCard","yes",,,,
"10/12/2015",-10.99,,"Food:Eating Out","A-CreditCard","yes",,,,
"10/12/2015",-5.11,,"Miscellaneous","A-CreditCard","yes",,,,
"10/11/2015",-39.36,,"Food:Groceries","A-CreditCard","yes",,,,
"10/11/2015",-335.19,,"Utilities:Telephony","A-CreditCard","yes",,,,
"10/11/2015",-6.85,,"Food:Eating Out","A-CreditCard","yes",,,,
"10/11/2015",-9.07,,"Transportation:Maintenance","A-CreditCard","yes",,,,
"10/11/2015",-42.21,,"Food:Eating Out","A-CreditCard","yes",,,,
"10/10/2015",-50,,"Living Expenses","C-Checking","yes",,,,
"10/09/2015",-118.73,,"Utilities:TV and Internet","A-CreditCard","yes",,,,
"10/09/2015",-34.38,,"Food:Eating Out","A-CreditCard","yes",,,,
"10/09/2015",-50,,"Charity","M-Checking","yes","571",,,
"10/09/2015",-158,,"Charity","R-Checking","yes","6196",,,
"10/09/2015",-40,,"Charity","R-Checking","yes","6197",,,
"10/09/2015",-3.22,,,"B-CreditCard","yes",,,,
"10/09/2015",-50,,"Charity","M-Checking","yes","570",,,
"10/09/2015",3.22,,"Transfers","A-Saving","yes",,,,
"10/09/2015",99,,"Transfers","A-CreditCard","yes",,,,
"10/09/2015",2500,,"Transfers","A-CreditCard","yes",,,,
"10/08/2015",-70,,"Living Expenses","C-Checking","yes",,,,
"10/08/2015",-0.99,,"Living Expenses:Entertainment","A-CreditCard","yes",,,,
"10/08/2015",-300,,"Transfers","M-Checking","yes",,,,
"10/08/2015",-50,,"Charity","A-CreditCard","yes",,,,
"10/08/2015",-40,,"Transportation:Tolls","A-CreditCard","yes",,,,
"10/08/2015",-17.27,,"Transportation:Fuel","A-CreditCard","yes",,,,
"10/08/2015",100,,"Transfers","C-Checking","yes",,,,
"10/08/2015",-100,,"Transfers","R-Checking","yes",,,,
"10/08/2015",1966.13,,"INCOME:Salary","R-Checking","yes",,,,
"10/08/2015",2000,,"Transfers","R-Checking","yes",,,,
"10/07/2015",50,,"Transfers","C-Checking","yes",,,,
"10/07/2015",-50,,"Transfers","R-Checking","yes",,,,
"10/07/2015",-6.2,,"Food:Eating Out","A-CreditCard","yes",,,,
"10/07/2015",-50,,"Living Expenses","C-Checking","yes",,,,
"10/07/2015",-5.88,,"Food:Eating Out","A-CreditCard","yes",,,,
"10/07/2015",-2000,,"Transfers","C-Checking","yes",,,,
"10/07/2015",-7.99,,"Living Expenses:Entertainment","A-CreditCard","yes",,,,
"10/07/2015",-33.12,,"Food:Eating Out","A-CreditCard","yes",,,,
"10/07/2015",-8.56,,"Food:Eating Out","A-CreditCard","yes",,,,
"10/07/2015",-20,,"Living Expenses","C-Checking","yes",,,,
"10/07/2015",-7.48,,"Transportation:Fuel","A-CreditCard","yes",,,,
"10/06/2015",-15,,"Professional Services:Medical","R-Checking","yes","6190",,,
"10/06/2015",-15,,"Professional Services:Medical","R-Checking","yes","6191",,,
"10/06/2015",-64.65,,"Utilities:Electricity","R-Checking","yes","6193",,,
"10/06/2015",-27.11,,"Transportation:HOTEL","A-CreditCard","yes",,,,
"10/06/2015",-4.86,,"Living Expenses:Entertainment","A-CreditCard","yes",,,,
"10/06/2015",-21.26,,"Utilities:Natural Gas","R-Checking","yes","6194",,,
"10/06/2015",-145.81,,"Utilities:TV and Internet","R-Checking","yes","6195",,,
"10/06/2015",-18,,"Professional Services:Grooming","A-CreditCard","yes",,,,
"10/05/2015",-61.43,,"Miscellaneous","A-CreditCard","yes",,,,
"10/05/2015",-21.48,,"Insurance:Life","R-Checking","yes",,,,
"10/05/2015",50,,"Transfers","C-Checking","yes",,,,
"10/05/2015",-55,,"Food:Groceries","C-Checking","yes",,,,
"10/05/2015",600,,"Transfers","M-Checking","yes",,,,
"10/05/2015",-41.62,,"Food:Eating Out","A-CreditCard","yes",,,,
"10/05/2015",-15.44,,"Transportation:Fuel","A-CreditCard","yes",,,,
"10/05/2015",-50,,"Transfers","R-Checking","yes",,,,
"10/04/2015",-48.46,,"Professional Services:Medical","A-CreditCard","yes",,,,
"10/04/2015",-218.2,,"Transportation:Airfare","A-CreditCard","yes",,,,
"10/04/2015",-19.71,,"Transportation:Fuel","A-CreditCard","yes",,,,
"10/04/2015",-15.86,,"Food:Eating Out","A-CreditCard","yes",,,,
"10/04/2015",-4.27,,"Food:Groceries","A-CreditCard","yes",,,,
"10/04/2015",-40.08,,"Miscellaneous","A-CreditCard","yes",,,,
"10/04/2015",-26.53,,"Food:Eating Out","A-CreditCard","yes",,,,
"10/04/2015",-27.93,,"Transportation:Fuel","A-CreditCard","yes",,,,
"10/04/2015",-42.79,,"Food:Eating Out","A-CreditCard","yes",,,,
"10/04/2015",-99,,"Professional Services:FINANCE","A-CreditCard","yes",,,,
"10/04/2015",-11.81,,"Transportation:Maintenance","A-CreditCard","yes",,,,
"10/02/2015",-50,,"Transfers","R-Checking","yes",,,,
"10/02/2015",-29.95,,"Professional Services:FITNESS","A-CreditCard","yes",,,,
"10/02/2015",-48.9,,"Food:Groceries","A-CreditCard","yes",,,,
"10/02/2015",-1.5,,"Transportation:Parking","A-CreditCard","yes",,,,
"10/02/2015",50,,"Transfers","C-Checking","yes",,,,
"10/02/2015",50,,"Transfers","C-Checking","yes",,,,
"10/02/2015",-50,,"Living Expenses","C-Checking","yes",,,,
"10/02/2015",-50,,"Transfers","R-Checking","yes",,,,
"10/01/2015",-34.93,,"Miscellaneous","A-CreditCard","yes",,,,
"10/01/2015",-16.26,,"Food:Groceries","A-CreditCard","yes",,,,
"09/30/2015",-220,,"Transfers","M-Checking","yes",,,,
"09/30/2015",-2500,,"Debt Repayment","R-Checking","yes",,,,
"09/30/2015",0.15,,"INCOME:SIMPLEINTEREST","R-Checking","yes",,,,
"09/30/2015",-12.42,,"Food:Groceries","A-CreditCard","yes",,,,
"09/30/2015",-144.42,,"Miscellaneous","A-CreditCard","yes",,,,
"09/29/2015",-300,,"Transfers","M-Checking","yes",,,,
"09/29/2015",2500,,"Transfers","A-CreditCard","yes",,,,
"09/29/2015",-50.97,,"Food:Groceries","A-CreditCard","yes",,,,
"09/29/2015",-217.31,,"Utilities","A-CreditCard","yes",,,,
"09/29/2015",-1111.95,,"Housing","A-CreditCard","yes",,,,
"09/29/2015",-47.93,,"Gifts","A-CreditCard","yes",,,,
"09/29/2015",-15.49,,"Food:Groceries","A-CreditCard","yes",,,,
"09/29/2015",-139.99,,"Gifts","A-CreditCard","yes",,,,
"09/28/2015",-1224,,"Housing:Rent","R-Checking","yes","6189",,,
"09/28/2015",-157.36,,"Charity","R-Checking","yes","6188",,,
"09/28/2015",-39.34,,"Charity","R-Checking","yes","6187",,,
"09/28/2015",-135,,"Living Expenses","C-Checking","yes",,,,
"09/28/2015",0.16,,"VALIDATIONONLY","C-Checking","yes",,,,
"09/28/2015",0.03,,"VALIDATIONONLY","C-Checking","yes",,,,
"09/28/2015",-0.19,,"VALIDATIONONLY","C-Checking","yes",,,,
"09/28/2015",-99,,"Housing","A-CreditCard","yes",,,,
"09/28/2015",-835,,"Housing","A-CreditCard","yes",,,,
"09/28/2015",-55.01,,"Food:Eating Out","A-CreditCard","yes",,,,
"09/28/2015",-2,,"Food:Eating Out","A-CreditCard","yes",,,,
"09/28/2015",-2,,"Food:Eating Out","A-CreditCard","yes",,,,
"09/28/2015",-135,,"Transfers","R-Checking","yes",,,,
"09/28/2015",135,,"Transfers","C-Checking","yes",,,,
"09/27/2015",-44.69,,"Food:Eating Out","A-CreditCard","yes",,,,
"09/27/2015",-11.61,,"Food:Eating Out","A-CreditCard","yes",,,,
"09/27/2015",-6.28,,"Food:Groceries","A-CreditCard","yes",,,,
"09/27/2015",-41.18,,"Food:Groceries","A-CreditCard","yes",,,,
"09/27/2015",-310,,"Transportation:Airfare","A-CreditCard","yes",,,,
"09/27/2015",-128.38,,"Transportation:Maintenance","A-CreditCard","yes",,,,
"09/27/2015",-26.71,,"Transportation:Fuel","A-CreditCard","yes",,,,
"09/27/2015",-20,,"Living Expenses:Entertainment","A-CreditCard","yes",,,,
"09/26/2015",-20,,"Living Expenses","C-Checking","yes",,,,
"09/26/2015",-45,,"Living Expenses","C-Checking","yes",,,,
"09/26/2015",-60,,"Transfers","R-Checking","yes",,,,
"09/26/2015",60,,"Transfers","C-Checking","yes",,,,
"09/25/2015",-7,,"Professional Services:ServerHosting","A-CreditCard","yes",,,,
"09/25/2015",10.52,,"INCOME:SIMPLEINTEREST","C-Checking","yes",,,,
"09/25/2015",-11.58,,"Food:Eating Out","A-CreditCard","yes",,,,
"09/24/2015",4.07,,"INCOME:Salary","R-Checking","yes",,,,
"09/24/2015",-150,,"Living Expenses","C-Checking","yes",,,,
"09/24/2015",-15.43,,"Food:Eating Out","A-CreditCard","yes",,,,
"09/24/2015",-35.85,,"Professional Services:ServerHosting","A-CreditCard","yes",,,,
"09/24/2015",-101.6,,"Transportation:Airfare","A-CreditCard","yes",,,,
"09/24/2015",-101.6,,"Transportation:Airfare","A-CreditCard","yes",,,,
"09/24/2015",-204,,"Transfers","R-Checking","yes",,,,
"09/24/2015",2000,,"Transfers","R-Checking","yes",,,,
"09/24/2015",-54,,"Living Expenses","C-Checking","yes",,,,
"09/24/2015",1966.14,,"INCOME:Salary","R-Checking","yes",,,,
"09/24/2015",204,,"Transfers","C-Checking","yes",,,,
"09/23/2015",-5.2,,"Food:Eating Out","A-CreditCard","yes",,,,
"09/23/2015",-9.95,,"Professional Services:ServerHosting","A-CreditCard","yes",,,,
"09/23/2015",-10.04,,"Food:Eating Out","A-CreditCard","yes",,,,
"09/23/2015",-2000,,"Transfers","C-Checking","yes",,,,
"09/23/2015",-200,,"Transfers","M-Checking","yes",,,,
"09/23/2015",3.22,,"Transfers","B-CreditCard","yes",,,,
"09/23/2015",-432,,"Transportation:Airfare","A-CreditCard","yes",,,,
"09/23/2015",-5.2,,"Food:Eating Out","A-CreditCard","yes",,,,
"09/23/2015",-436,,"Transportation:Airfare","A-CreditCard","yes",,,,
"09/22/2015",-22.24,,"Food:Eating Out","A-CreditCard","yes",,,,
"09/22/2015",-26.64,,"Food:Eating Out","A-CreditCard","yes",,,,
"09/22/2015",-5.07,,"Food:Eating Out","A-CreditCard","yes",,,,
"09/22/2015",-6.6,,"Food:Eating Out","A-CreditCard","yes",,,,
"09/22/2015",-62.68,,"Food:Eating Out","A-CreditCard","yes",,,,
"09/22/2015",-15,,"Living Expenses:Entertainment","A-CreditCard","yes",,,,
"09/22/2015",-118.88,,"Living Expenses:Entertainment","A-CreditCard","yes",,,,
"09/22/2015",-15.6,,"Food:Eating Out","A-CreditCard","yes",,,,
"09/22/2015",-86.44,,"Food:Eating Out","A-CreditCard","yes",,,,
"09/22/2015",-63.29,,"Food:Eating Out","A-CreditCard","yes",,,,
"09/21/2015",-12.99,,"Food:Eating Out","A-CreditCard","yes",,,,
"09/21/2015",-19,,"Debt Repayment","R-Checking","yes",,,,
"09/21/2015",-3000,,"Debt Repayment","R-Checking","yes",,,,
"09/21/2015",-59.99,,"Professional Services:Massage","A-CreditCard","yes",,,,
"09/20/2015",-6.64,,"Food:Eating Out","A-CreditCard","yes",,,,
"09/20/2015",3000,,"Transfers","A-CreditCard","yes",,,,
"09/20/2015",-4.47,,"Food:Eating Out","A-CreditCard","yes",,,,
"09/20/2015",-19.87,,"Food:Eating Out","A-CreditCard","yes",,,,
"09/20/2015",247.04,,,"B-CreditCard","yes",,,,
"09/20/2015",-108.13,,"Miscellaneous","A-CreditCard","yes",,,,
"09/20/2015",-1.98,,"Living Expenses:Entertainment","A-CreditCard","yes",,,,
"09/20/2015",-7.07,,"Food:Eating Out","A-CreditCard","yes",,,,
"09/20/2015",321.76,,"Debt Repayment","B-CreditCard","yes",,,,
"09/20/2015",-13.37,,"Food:Eating Out","A-CreditCard","yes",,,,
"09/20/2015",-12.79,,"Miscellaneous","A-CreditCard","yes",,,,
"09/20/2015",19,,"Transfers","A-CreditCard","yes",,,,
"09/20/2015",-9.4,,"Food:Eating Out","A-CreditCard","yes",,,,
"09/19/2015",-321.76,,"Transfers","R-Checking","yes",,,,
"09/18/2015",-103.59,,"Food:Groceries","A-CreditCard","yes",,,,
"09/18/2015",-20.28,,"Transportation:Fuel","A-CreditCard","yes",,,,
"09/17/2015",-49.99,,"Professional Services:Massage","A-CreditCard","yes",,,,
"09/17/2015",-200,,"Transfers","M-Checking","yes",,,,
"09/16/2015",-100,,"Living Expenses","C-Checking","yes",,,,
"09/16/2015",1000,,"Transfers","M-Checking","yes",,,,
"09/16/2015",-1.85,,"Food:Eating Out","A-CreditCard","yes",,,,
"09/16/2015",-100,,"Transfers","R-Checking","yes",,,,
"09/16/2015",-4.55,,"Food:Eating Out","A-CreditCard","yes",,,,
"09/16/2015",100,,"Transfers","C-Checking","yes",,,,
"09/15/2015",-1000,,"Transfers","C-Checking","yes",,,,
"09/15/2015",-24.45,,"Transportation:Fuel","A-CreditCard","yes",,,,
"09/15/2015",-21.2,,"Transportation:Fuel","A-CreditCard","yes",,,,
"09/15/2015",-14.38,,"Food:Eating Out","A-CreditCard","yes",,,,
"09/15/2015",-116.67,,"Food:Eating Out","A-CreditCard","yes",,,,
"09/14/2015",200,,"Transfers","C-Checking","yes",,,,
"09/14/2015",-180,,"Transfers","C-Checking","yes",,,,
"09/14/2015",-1.75,,"Food:Eating Out","C-Checking","yes",,,,
"09/14/2015",-25.4,,"Food:Groceries","A-CreditCard","yes",,,,
"09/14/2015",-28.14,,"Transportation:Fuel","A-CreditCard","yes",,,,
"09/14/2015",-20,,"Living Expenses","C-Checking","yes",,,,
"09/14/2015",-50,,"Charity","M-Checking","yes","569",,,
"09/14/2015",-50,,"Charity","M-Checking","yes","568",,,
"09/14/2015",-1,,"Food:Eating Out","C-Checking","yes",,,,
"09/14/2015",-10.06,,"Food:Eating Out","A-CreditCard","yes",,,,
"09/14/2015",-200,,"Transfers","R-Checking","yes",,,,
"09/13/2015",-6.51,,"Professional Services:Medical","A-CreditCard","yes",,,,
"09/13/2015",-23,,"Professional Services:Grooming","A-CreditCard","yes",,,,
"09/13/2015",-13.16,,"Transportation:Fuel","A-CreditCard","yes",,,,
"09/13/2015",-46.19,,"Food:Groceries","A-CreditCard","yes",,,,
"09/13/2015",-62.57,,"Transportation:Maintenance","A-CreditCard","yes",,,,
"09/12/2015",-140,,"Transfers","M-Checking","yes",,,,
"09/11/2015",-15.99,,"Miscellaneous","M-Checking","yes",,,,
"09/10/2015",-500,,"Transfers","M-Checking","yes",,,,
"09/10/2015",-39.34,,"Charity","R-Checking",0,"6186",,,
"09/10/2015",-157.36,,"Charity","R-Checking","yes","6185",,,
"09/10/2015",-8.28,,"Miscellaneous","M-Checking","yes",,,,
"09/10/2015",1966.14,,"INCOME:Salary","R-Checking","yes",,,,
"09/10/2015",2000,,"Transfers","R-Checking","yes",,,,
"09/10/2015",-26.25,,"Transportation:Fuel","A-CreditCard","yes",,,,
"09/10/2015",-143.56,,"Utilities:TV and Internet","R-Checking","yes","6184",,,
"09/09/2015",-20,,"Transfers","R-Checking","yes",,,,
"09/09/2015",-40,,"Transportation:Tolls","A-CreditCard","yes",,,,
"09/09/2015",-300,,"Transfers","M-Checking","yes",,,,
"09/09/2015",-2000,,"Transfers","C-Checking","yes",,,,
"09/09/2015",20,,"Transfers","C-Checking","yes",,,,
"09/09/2015",-20,,"Living Expenses","C-Checking","yes",,,,
"09/09/2015",-16.24,,"Food:Eating Out","A-CreditCard","yes",,,,
"09/08/2015",210,,"Transfers","C-Checking","yes",,,,
"09/08/2015",-29.94,,"Food:Eating Out","A-CreditCard","yes",,,,
"09/08/2015",227.56,,"Support:Education","R-Checking","yes",,,,
"09/08/2015",-86.51,,"Food:Eating Out","A-CreditCard","yes",,,,
"09/08/2015",-200,,"Transfers","C-Checking","yes",,,,
"09/08/2015",-1,,"Fees:Bank non-interest","C-Checking","yes",,,,
"09/08/2015",-210,,"Transfers","R-Checking","yes",,,,
"09/08/2015",-21.48,,"Insurance:Life","R-Checking","yes",,,,
"09/08/2015",-3,,"Fees:Bank non-interest","C-Checking","yes",,,,
"09/08/2015",-9.9,,"Food:Eating Out","A-CreditCard","yes",,,,
"09/07/2015",-21.34,,"Miscellaneous","A-CreditCard","yes",,,,
"09/07/2015",-2.15,,"Food:Eating Out","A-CreditCard","yes",,,,
"09/07/2015",-13.28,,"Transportation:Fuel","A-CreditCard","yes",,,,
"09/07/2015",-40,,"Transportation:Tolls","A-CreditCard","yes",,,,
"09/07/2015",-7.99,,"Living Expenses:Entertainment","A-CreditCard","yes",,,,
"09/07/2015",-26.24,,"Food:Eating Out","A-CreditCard","yes",,,,
"09/07/2015",-11.66,,"Food:Eating Out","A-CreditCard","yes",,,,
"09/07/2015",-300,,"Transfers","M-Checking","yes",,,,
"09/06/2015",-20.2,,"Transportation:Fuel","A-CreditCard","yes",,,,
"09/06/2015",-58.67,,"Food:Eating Out","A-CreditCard","yes",,,,
"09/06/2015",-18.08,,"Transportation:Fuel","A-CreditCard","yes",,,,
"09/06/2015",-124,,"Living Expenses:Entertainment","A-CreditCard","yes",,,,
"09/06/2015",-20.34,,"Food:Eating Out","A-CreditCard","yes",,,,
"09/06/2015",-20,,"Transportation:PUBLIC","B-CreditCard","yes",,,,
"09/06/2015",-16,,"Food:Eating Out","A-CreditCard","yes",,,,
"09/06/2015",-300,,"Transfers","M-Checking","yes",,,,
"09/06/2015",-3.92,,"Food:Eating Out","A-CreditCard","yes",,,,
"09/04/2015",-19.88,,"Transportation:Fuel","A-CreditCard","yes",,,,
"09/04/2015",-28.03,,"Transportation:Fuel","A-CreditCard","yes",,,,
"09/04/2015",165.13,,"Support:Education","A-CreditCard","yes",,,,
"09/04/2015",-302.76,,"Utilities:Telephony","B-CreditCard","yes",,,,
"09/04/2015",-18.65,,"Transportation:Fuel","A-CreditCard","yes",,,,
"09/04/2015",-14,,"Transportation:Maintenance","A-CreditCard","yes",,,,
"09/03/2015",-6.41,,"Miscellaneous","A-CreditCard","yes",,,,
"09/03/2015",-284.7,,"Transportation:Airfare","A-CreditCard","yes",,,,
"09/03/2015",-300,,"Transfers","M-Checking","yes",,,,
